{"best_parameters": [0.8819934122390884, 0.3371553404408203, 0.5357423684043763, 0.6793286295269887, 0.021850039811829536, 0.0, 0.0023227460639603237, 0.33288392939413924, 0.6642367282306922, 0.0, 0.9802684340412939, 0.20416838579746122, 0.0, 0.33582293493573623, 0.7351848083019081, 0.45868886106987516, 0.4581276975131354, 0.5950984832591035, 0.9693985655043207, 0.9718802690579029, 0.9531470582864487, 0.831503391342433, 0.1948052388095789, 0.6868562978174366, 0.4449844831537906, 0.0, 0.8960514996294582, 0.9659820894359663, 0.40017077756819774, 0.0, 0.9354762704940589, 0.9695466067917968, 0.9750636558011849, 0.7547425347993779, 0.46114308505428725, 0.0, 0.0, 0.0, 0.8333214717126045, 0.8492047752961265, 0.44380819489878265, 0.6205059007575566], "best_rmse_value": [0.9223604306338736, 1.1865812639239468, 0.0008645346406566112, 0.09596926263406358]}