{"best_parameters": [0.7788548821925974, 0.5839613691052468, 0.4924491990075708, 0.7178371336068632, 0.38790741999666, 0.5601454952657323, 0.5717046469238066, 0.49154185277061946, 0.08277964798166226, 0.0, 0.0, 0.9492032331428171, 0.3464247359889052, 0.19185071578965385, 0.374370396671184, 0.7983715767505352, 0.07694156573091293, 0.05154694491715017, 0.0, 0.0, 0.0, 0.0, 0.0, 0.4637233582325, 0.0, 0.31048417930517025, 0.8289515458553196, 0.20832975301868073, 0.1416897688863863, 0.5356952383689304, 0.2904459020357075, 0.4165738713355571, 0.5578798450960105, 0.0, 0.0, 0.8650360845386873, 0.0, 0.8072825655132834, 0.038270711068948415, 0.6165462371025643, 0.38205461671277985, 0.8092176446883437], "best_rmse_value": [0.039270244474718906, 0.04157723212964845, 0.0317661151404395, 0.028605422534529554]}