{"best_parameters": [0.006276765862418987, 0.5995566965312646, 0.9040762506667782, 0.48638231708516555, 0.965748358936503, 0.8939259008300924, 0.10996017941026381, 0.2418747114262063, 0.133296528382991, 0.0, 0.6516064274579094, 0.0, 0.0, 0.6835987891701949, 0.7784592818774458, 0.6095996764620291, 0.3190792552268771, 0.3037340251300311, 0.8392670466252536, 0.22030141985622587, 0.5522700054335077, 0.4739101099138763, 0.04911987702720233, 0.25087221651348557, 0.2979257888660318, 0.49196585721929065, 0.12380590491405852, 0.670655413132252, 0.09740834381118635, 0.0, 0.3196648271216376, 0.1863576375636462, 0.7217849217675936, 0.7037676840490956, 0.40793137016657943, 0.5475385234067478, 0.49270305010783866, 0.709486909773924, 0.40345331564548514, 0.1801161029745595, 0.9914353765406629, 0.8142684283247421], "best_rmse_value": [0.03124095305118356, 0.03255114693991102, 0.02943413341513663, 0.028576048382435874]}