{"best_parameters": [0.14782337394752798, 0.03661057051137406, 0.0, 0.9094805955878946, 0.0, 0.20447675042808933, 0.9773388206134097, 0.6242475316750629, 0.37540291784881297, 0.0, 0.1547648601132019, 0.11856804072280558, 0.9553068903634514, 0.0, 0.165076629721024, 0.14836877431448547, 0.0, 0.1766065737634004, 0.0, 0.0, 0.3778649130980376, 0.0, 0.34575663350221464, 0.3181976158821598, 0.0, 0.0, 0.0, 0.14270681253158912, 0.0, 0.9926249269126473, 0.0, 0.6626617884744659, 0.5880589707907757, 0.944249029475168, 0.0, 0.08563004079230607, 0.785700170374324, 0.7016734982027346, 0.31313772707596566, 0.37941656032671234, 0.0, 0.736090008346242], "best_rmse_value": [0.029666876834889718, 0.031617464075097086, 0.027443258004977558, 0.023583573923955294]}