{
  "best_parameters": [
    0.09206841049199643,
    0.0,
    0.42679973013728634,
    0.9272241883483526,
    0.47090276181868473,
    0.90213223370144,
    0.5128357976328084,
    0.4230437584111255,
    0.0,
    0.10880852747904657,
    0.0,
    0.005030695532106888,
    0.8576671482187876,
    0.0,
    0.02338833222995218,
    0.3553009338522375,
    0.0,
    0.0,
    0.8564129764044655,
    0.7250747495977605,
    0.5593337658681561,
    0.40239754440843134,
    0.0,
    0.0,
    0.21290493163694502,
    0.8953068216006166,
    0.8542089141617102,
    0.8766546651568219,
    0.06483020551052188,
    0.0,
    0.049983413888446515,
    0.5659409713101289,
    0.2319233841485362,
    0.4783002809695218,
    0.44600267317697884,
    0.5468907636868954,
    0.0,
    0.2658197966153615,
    0.33831490561390387,
    0.21458351066486192,
    0.9175278533381095,
    0.0
  ],
  "best_rmse_value": [
    0.02528368488476229,
    0.020106119688123814,
    0.026144689893223282,
    0.01746876056829105
  ]
}