{"best_parameters": [0.5988117076941205, 0.7944976674721826, 0.7841884634902865, 0.17468146593782685, 0.06905336465051715, 0.08108684310652348, 0.7639708533775582, 0.19159436198529622, 0.3377993869075775, 0.1494182476660606, 0.27961057365773656, 0.0, 0.9047441906212532, 0.7943634047382975, 0.5646858201836482, 0.9905866616637681, 0.0, 0.06081222313759671, 0.997199767050913, 0.0, 0.18908037819364543, 0.0, 0.7993015422649441, 0.0, 0.14942881937889396, 0.26279861872538834], "best_rmse_value": [0.2870368794345266, 0.01927015875741362, 0.021842027760053576, 0.03415463505752216]}