{"best_parameters": [0.24086106941103935, 0.8039025869220495, 0.4955127015709877, 0.41641336027532816, 0.33839281648397446, 0.7544472552835941, 0.1727675162255764, 0.009742424823343754, 0.2319752648472786, 0.017001585103571415, 0.8429851112887263, 0.11288697645068169, 0.6034117611125112, 0.40531327202916145, 0.019160082563757896, 0.80563785135746, 0.13781146798282862, 0.5273084687069058, 0.5032647140324116, 0.6052393857389688, 0.9522344544529915, 0.9270875798538327, 0.8445977605879307, 0.7601092709228396, 0.9574872450903058, 0.09478715620934963], "best_function_value": -0.03806169546690166}