{
  "best_parameters": [
    0.7101114420220256,
    0.025117642246186733,
    0.3674468323588371,
    0.5448906496167183,
    0.3347102301195264,
    0.6984526496380568,
    0.6294167321175337,
    0.9366683354601264,
    0.18921623285859823,
    0.006356922909617424,
    0.9788357391953468,
    0.23645224049687386,
    0.2426590071991086,
    0.4167129099369049,
    0.6508231926709414,
    0.5221346700564027,
    0.6422018529847264,
    0.09418208431452513,
    0.7961172088980675,
    0.17878491897135973,
    0.8443580865859985,
    0.8283492457121611,
    0.8611450549215078,
    0.323895463719964,
    0.38948710542172194,
    0.14984317682683468
  ],
  "best_function_value": -0.03441809153649919
}