real_time,real_voltage,simu_time,simu_voltage
0.0,3.36032,0.0,3.37798360213303
10.0,3.341365,10.0,1.663378650547065
