real_time,real_voltage,simu_time,simu_voltage
0.0,3.347646,0.0,3.4453593597303565
10.0,3.339786,10.0,2.667287712106274
20.0,3.335053,20.0,1.8892160644821914
