{"best_parameters": [0.6676626826158744, 0.45090189921155555, 0.5410797510056354, 0.3681762702030043, 0.4385507481574766, 0.45997878027815975, 0.6545174848275799, 0.5587012800377521, 0.6130680524691778, 0.3790158643826007, 0.5640545051177764, 0.5020678952026232, 0.48896910408662925, 0.41292867847759357, 0.5347553968225397, 0.5141964549195384, 0.33600290427153956, 0.5816501636644326, 0.46003698190047476, 0.652112170010886, 0.5054934511549086, 0.4053490836145709, 0.4578410498065041, 0.5291848947119043, 0.5196070118950322, 0.35232451390607544, 0.5520178730602356, 0.6403147147905519, 0.514164661011072, 0.6046152752256716, 0.6230636475936969, 0.577369059828724, 0.5066280954098205, 0.4651481429742342, 0.43930316259185526, 0.4543728618902661, 0.5483437534162318, 0.46321625671653455, 0.6609325933304634, 0.5215958284201765, 0.6347775718074435, 0.391789789576707], "best_function_value": 0.11484854633182146}