{"best_parameters": [0.9344329471173712, 0.7172478827301323, 0.6084369536222651, 0.2446090580505631, 0.6634020323935987, 0.4937585040806235, 0.4021021660647267, 0.30977048340499946, 0.34463563960885835, 0.5396827189156915, 0.34503397425164983, 0.30816364304325405, 0.08462875718322493, 0.2484500272881247, 0.5671531297847664, 0.8249647513814703, 0.10170242545566133, 0.9160979633863143, 0.4975021439461804, 0.3204411922125896, 0.06495599300163502, 0.32952613529661545, 0.15105363640954494, 0.46528139161444404, 0.10309868329632932, 0.9018250998444378, 0.5880441760137401, 0.35173563447563305, 0.6479653446087581, 0.7565580220801099, 0.5170066703918061, 0.4569501224542567, 0.20183619534490727, 0.4818414205128585, 0.694728698027791, 0.10110357064713349, 0.11894450236408305, 0.26876354673426117, 0.6214218399789195, 0.35338953274903684, 0.49624776183454855, 0.05653992968049637], "best_function_value": 0.4873985659432182}