{"best_parameters": [0.5574771042165632, 0.5385664367460911, 0.5658013231265145, 0.808463431116611, 0.5312179422827372, 0.3844741012707346, 0.9996861167338643, 0.44505919594025395, 0.6521373149078912, 0.16547185315399435, 0.6276866978807188, 0.3307103220350418, 0.628831990532348, 0.5868563435753602, 0.45904529891238843, 0.47412497248911667, 0.41969442137675134, 0.9995326658077115, 0.26300678767067676, 0.5442195637265991, 0.1660744460232994, 0.4308100197868816, 0.5269851549604643, 0.6279978009150529, 0.6149168073319503, 0.232970351704915, 0.5284725814912062, 0.519164391018624, 0.4828788863966357, 0.6208602075879741, 0.43150973340211446, 0.6264662590050213, 0.1727744473170781, 0.6500867723974842, 0.7480600881973081, 0.5820960206898365, 0.5996801685233437, 0.18055701855386758, 0.495554595689862, 0.5163546464594663, 0.617464534246293, 0.6671373684866568], "best_function_value": 0.10294975887126202}