{"best_parameters": [0.8145240508168394, 0.8300643244215054, 0.6720187392408484, 0.2510716588782558, 0.46952136355739027, 0.3266403169979828, 0.4238582115778216, -0.058631099281125074, 0.4948771010713502, 0.6368834871215354, 0.0852536740009115, 0.8573726814045399, 0.5224598266289691, 0.5058969141460755, 0.796711295846351, 0.5481495690041327, 0.1874334109497271, 0.6301712902966855, 0.7018831719509501, 0.8061080272127134, 0.7132863991629044, 0.5161091580746523, 0.7906034125175962, 0.672947012276137, 0.4461785235403557, 0.11782762835337016, 0.8596779826975957, 0.09631017198557193, 0.9097751652005736, 0.3297827167077989, 0.6438685064498121, 0.7864976363605566, 0.2783946775235459, 0.4320535609234027, 0.46353525714184174, 0.46167813281085424, 0.45748440138088703, 0.5594938891255143, 0.1739608127484204, -0.028375720243923715, 0.7342456498654396, 0.06529039437196349], "best_function_value": 0.09519573515931906}